cohort_year,cohort_month,active_customers,cohort_size,retention_rate
2024,11,140,140,100.00000000000000
2024,12,9,9,100.00000000000000
2025,1,1,1,100.00000000000000
